{
	"@version": "2.11.1",
	"@generated": "Wed, 14 Sep 2022 23:27:08",
	"site":[ 
		{
			"@name": "http://testphp.vulnweb.com",
			"@host": "testphp.vulnweb.com",
			"@port": "80",
			"@ssl": "false",
			"alerts": [ 
				{
					"pluginid": "10202",
					"alertRef": "10202",
					"alert": "Absence of Anti-CSRF Tokens",
					"name": "Absence of Anti-CSRF Tokens",
					"riskcode": "2",
					"confidence": "1",
					"riskdesc": "Medium (Low)",
					"desc": "<p>No Anti-CSRF tokens were found in a HTML submission form.</p><p>A cross-site request forgery is an attack that involves forcing a victim to send an HTTP request to a target destination without their knowledge or intent in order to perform an action as the victim. The underlying cause is application functionality using predictable URL/form actions in a repeatable way. The nature of the attack is that CSRF exploits the trust that a web site has for a user. By contrast, cross-site scripting (XSS) exploits the trust that a user has for a web site. Like XSS, CSRF attacks are not necessarily cross-site, but they can be. Cross-site request forgery is also known as CSRF, XSRF, one-click attack, session riding, confused deputy, and sea surf.</p><p></p><p>CSRF attacks are effective in a number of situations, including:</p><p>    * The victim has an active session on the target site.</p><p>    * The victim is authenticated via HTTP auth on the target site.</p><p>    * The victim is on the same local network as the target site.</p><p></p><p>CSRF has primarily been used to perform an action against a target site using the victim's privileges, but recent techniques have been discovered to disclose information by gaining access to the response. The risk of information disclosure is dramatically increased when the target site is vulnerable to XSS, because XSS can be used as a platform for CSRF, allowing the attack to operate within the bounds of the same-origin policy.</p>",
					"instances":[ 
						{
							"uri": "http://testphp.vulnweb.com/",
							"method": "GET",
							"param": "",
							"attack": "",
							"evidence": "<form action=\"search.php?test=query\" method=\"post\">"
						},
						{
							"uri": "http://testphp.vulnweb.com/artists.php",
							"method": "GET",
							"param": "",
							"attack": "",
							"evidence": "<form action=\"search.php?test=query\" method=\"post\">"
						},
						{
							"uri": "http://testphp.vulnweb.com/cart.php",
							"method": "GET",
							"param": "",
							"attack": "",
							"evidence": "<form action=\"search.php?test=query\" method=\"post\">"
						},
						{
							"uri": "http://testphp.vulnweb.com/categories.php",
							"method": "GET",
							"param": "",
							"attack": "",
							"evidence": "<form action=\"search.php?test=query\" method=\"post\">"
						},
						{
							"uri": "http://testphp.vulnweb.com/disclaimer.php",
							"method": "GET",
							"param": "",
							"attack": "",
							"evidence": "<form action=\"search.php?test=query\" method=\"post\">"
						},
						{
							"uri": "http://testphp.vulnweb.com/guestbook.php",
							"method": "GET",
							"param": "",
							"attack": "",
							"evidence": "<form action=\"\" method=\"post\" name=\"faddentry\">"
						},
						{
							"uri": "http://testphp.vulnweb.com/guestbook.php",
							"method": "GET",
							"param": "",
							"attack": "",
							"evidence": "<form action=\"search.php?test=query\" method=\"post\">"
						},
						{
							"uri": "http://testphp.vulnweb.com/index.php",
							"method": "GET",
							"param": "",
							"attack": "",
							"evidence": "<form action=\"search.php?test=query\" method=\"post\">"
						},
						{
							"uri": "http://testphp.vulnweb.com/login.php",
							"method": "GET",
							"param": "",
							"attack": "",
							"evidence": "<form name=\"loginform\" method=\"post\" action=\"userinfo.php\">"
						},
						{
							"uri": "http://testphp.vulnweb.com/login.php",
							"method": "GET",
							"param": "",
							"attack": "",
							"evidence": "<form action=\"search.php?test=query\" method=\"post\">"
						},
						{
							"uri": "http://testphp.vulnweb.com/search.php?test=query",
							"method": "POST",
							"param": "",
							"attack": "",
							"evidence": "<form action=\"search.php?test=query\" method=\"post\">"
						}
					],
					"count": "11",
					"solution": "<p>Phase: Architecture and Design</p><p>Use a vetted library or framework that does not allow this weakness to occur or provides constructs that make this weakness easier to avoid.</p><p>For example, use anti-CSRF packages such as the OWASP CSRFGuard.</p><p></p><p>Phase: Implementation</p><p>Ensure that your application is free of cross-site scripting issues, because most CSRF defenses can be bypassed using attacker-controlled script.</p><p></p><p>Phase: Architecture and Design</p><p>Generate a unique nonce for each form, place the nonce into the form, and verify the nonce upon receipt of the form. Be sure that the nonce is not predictable (CWE-330).</p><p>Note that this can be bypassed using XSS.</p><p></p><p>Identify especially dangerous operations. When the user performs a dangerous operation, send a separate confirmation request to ensure that the user intended to perform that operation.</p><p>Note that this can be bypassed using XSS.</p><p></p><p>Use the ESAPI Session Management control.</p><p>This control includes a component for CSRF.</p><p></p><p>Do not use the GET method for any request that triggers a state change.</p><p></p><p>Phase: Implementation</p><p>Check the HTTP Referer header to see if the request originated from an expected page. This could break legitimate functionality, because users or proxies may have disabled sending the Referer for privacy reasons.</p>",
					"otherinfo": "<p>No known Anti-CSRF token [anticsrf, CSRFToken, __RequestVerificationToken, csrfmiddlewaretoken, authenticity_token, OWASP_CSRFTOKEN, anoncsrf, csrf_token, _csrf, _csrfSecret, __csrf_magic, CSRF, _token, _csrf_token] was found in the following HTML form: [Form 1: \"goButton\" \"searchFor\" ].</p>",
					"reference": "<p>http://projects.webappsec.org/Cross-Site-Request-Forgery</p><p>http://cwe.mitre.org/data/definitions/352.html</p>",
					"cweid": "352",
					"wascid": "9",
					"sourceid": "1"
				},
				{
					"pluginid": "10038",
					"alertRef": "10038",
					"alert": "Content Security Policy (CSP) Header Not Set",
					"name": "Content Security Policy (CSP) Header Not Set",
					"riskcode": "2",
					"confidence": "3",
					"riskdesc": "Medium (High)",
					"desc": "<p>Content Security Policy (CSP) is an added layer of security that helps to detect and mitigate certain types of attacks, including Cross Site Scripting (XSS) and data injection attacks. These attacks are used for everything from data theft to site defacement or distribution of malware. CSP provides a set of standard HTTP headers that allow website owners to declare approved sources of content that browsers should be allowed to load on that page \u2014 covered types are JavaScript, CSS, HTML frames, fonts, images and embeddable objects such as Java applets, ActiveX, audio and video files.</p>",
					"instances":[ 
						{
							"uri": "http://testphp.vulnweb.com/",
							"method": "GET",
							"param": "",
							"attack": "",
							"evidence": ""
						},
						{
							"uri": "http://testphp.vulnweb.com/AJAX/index.php",
							"method": "GET",
							"param": "",
							"attack": "",
							"evidence": ""
						},
						{
							"uri": "http://testphp.vulnweb.com/artists.php",
							"method": "GET",
							"param": "",
							"attack": "",
							"evidence": ""
						},
						{
							"uri": "http://testphp.vulnweb.com/cart.php",
							"method": "GET",
							"param": "",
							"attack": "",
							"evidence": ""
						},
						{
							"uri": "http://testphp.vulnweb.com/categories.php",
							"method": "GET",
							"param": "",
							"attack": "",
							"evidence": ""
						},
						{
							"uri": "http://testphp.vulnweb.com/disclaimer.php",
							"method": "GET",
							"param": "",
							"attack": "",
							"evidence": ""
						},
						{
							"uri": "http://testphp.vulnweb.com/guestbook.php",
							"method": "GET",
							"param": "",
							"attack": "",
							"evidence": ""
						},
						{
							"uri": "http://testphp.vulnweb.com/index.php",
							"method": "GET",
							"param": "",
							"attack": "",
							"evidence": ""
						},
						{
							"uri": "http://testphp.vulnweb.com/login.php",
							"method": "GET",
							"param": "",
							"attack": "",
							"evidence": ""
						},
						{
							"uri": "http://testphp.vulnweb.com/robots.txt",
							"method": "GET",
							"param": "",
							"attack": "",
							"evidence": ""
						},
						{
							"uri": "http://testphp.vulnweb.com/sitemap.xml",
							"method": "GET",
							"param": "",
							"attack": "",
							"evidence": ""
						}
					],
					"count": "11",
					"solution": "<p>Ensure that your web server, application server, load balancer, etc. is configured to set the Content-Security-Policy header, to achieve optimal browser support: \"Content-Security-Policy\" for Chrome 25+, Firefox 23+ and Safari 7+, \"X-Content-Security-Policy\" for Firefox 4.0+ and Internet Explorer 10+, and \"X-WebKit-CSP\" for Chrome 14+ and Safari 6+.</p>",
					"otherinfo": "",
					"reference": "<p>https://developer.mozilla.org/en-US/docs/Web/Security/CSP/Introducing_Content_Security_Policy</p><p>https://cheatsheetseries.owasp.org/cheatsheets/Content_Security_Policy_Cheat_Sheet.html</p><p>http://www.w3.org/TR/CSP/</p><p>http://w3c.github.io/webappsec/specs/content-security-policy/csp-specification.dev.html</p><p>http://www.html5rocks.com/en/tutorials/security/content-security-policy/</p><p>http://caniuse.com/#feat=contentsecuritypolicy</p><p>http://content-security-policy.com/</p>",
					"cweid": "693",
					"wascid": "15",
					"sourceid": "1"
				},
				{
					"pluginid": "10020",
					"alertRef": "10020-1",
					"alert": "Missing Anti-clickjacking Header",
					"name": "Missing Anti-clickjacking Header",
					"riskcode": "2",
					"confidence": "2",
					"riskdesc": "Medium (Medium)",
					"desc": "<p>The response does not include either Content-Security-Policy with 'frame-ancestors' directive or X-Frame-Options to protect against 'ClickJacking' attacks.</p>",
					"instances":[ 
						{
							"uri": "http://testphp.vulnweb.com/",
							"method": "GET",
							"param": "X-Frame-Options",
							"attack": "",
							"evidence": ""
						},
						{
							"uri": "http://testphp.vulnweb.com/AJAX/index.php",
							"method": "GET",
							"param": "X-Frame-Options",
							"attack": "",
							"evidence": ""
						},
						{
							"uri": "http://testphp.vulnweb.com/artists.php",
							"method": "GET",
							"param": "X-Frame-Options",
							"attack": "",
							"evidence": ""
						},
						{
							"uri": "http://testphp.vulnweb.com/cart.php",
							"method": "GET",
							"param": "X-Frame-Options",
							"attack": "",
							"evidence": ""
						},
						{
							"uri": "http://testphp.vulnweb.com/categories.php",
							"method": "GET",
							"param": "X-Frame-Options",
							"attack": "",
							"evidence": ""
						},
						{
							"uri": "http://testphp.vulnweb.com/disclaimer.php",
							"method": "GET",
							"param": "X-Frame-Options",
							"attack": "",
							"evidence": ""
						},
						{
							"uri": "http://testphp.vulnweb.com/guestbook.php",
							"method": "GET",
							"param": "X-Frame-Options",
							"attack": "",
							"evidence": ""
						},
						{
							"uri": "http://testphp.vulnweb.com/hpp/",
							"method": "GET",
							"param": "X-Frame-Options",
							"attack": "",
							"evidence": ""
						},
						{
							"uri": "http://testphp.vulnweb.com/index.php",
							"method": "GET",
							"param": "X-Frame-Options",
							"attack": "",
							"evidence": ""
						},
						{
							"uri": "http://testphp.vulnweb.com/login.php",
							"method": "GET",
							"param": "X-Frame-Options",
							"attack": "",
							"evidence": ""
						},
						{
							"uri": "http://testphp.vulnweb.com/Mod_Rewrite_Shop/",
							"method": "GET",
							"param": "X-Frame-Options",
							"attack": "",
							"evidence": ""
						}
					],
					"count": "11",
					"solution": "<p>Modern Web browsers support the Content-Security-Policy and X-Frame-Options HTTP headers. Ensure one of them is set on all web pages returned by your site/app.</p><p>If you expect the page to be framed only by pages on your server (e.g. it's part of a FRAMESET) then you'll want to use SAMEORIGIN, otherwise if you never expect the page to be framed, you should use DENY. Alternatively consider implementing Content Security Policy's \"frame-ancestors\" directive.</p>",
					"otherinfo": "",
					"reference": "<p>https://developer.mozilla.org/en-US/docs/Web/HTTP/Headers/X-Frame-Options</p>",
					"cweid": "1021",
					"wascid": "15",
					"sourceid": "1"
				},
				{
					"pluginid": "10037",
					"alertRef": "10037",
					"alert": "Server Leaks Information via \"X-Powered-By\" HTTP Response Header Field(s)",
					"name": "Server Leaks Information via \"X-Powered-By\" HTTP Response Header Field(s)",
					"riskcode": "1",
					"confidence": "2",
					"riskdesc": "Low (Medium)",
					"desc": "<p>The web/application server is leaking information via one or more \"X-Powered-By\" HTTP response headers. Access to such information may facilitate attackers identifying other frameworks/components your web application is reliant upon and the vulnerabilities such components may be subject to.</p>",
					"instances":[ 
						{
							"uri": "http://testphp.vulnweb.com/",
							"method": "GET",
							"param": "",
							"attack": "",
							"evidence": "X-Powered-By: PHP/5.6.40-38+ubuntu20.04.1+deb.sury.org+1"
						},
						{
							"uri": "http://testphp.vulnweb.com/AJAX/index.php",
							"method": "GET",
							"param": "",
							"attack": "",
							"evidence": "X-Powered-By: PHP/5.6.40-38+ubuntu20.04.1+deb.sury.org+1"
						},
						{
							"uri": "http://testphp.vulnweb.com/artists.php",
							"method": "GET",
							"param": "",
							"attack": "",
							"evidence": "X-Powered-By: PHP/5.6.40-38+ubuntu20.04.1+deb.sury.org+1"
						},
						{
							"uri": "http://testphp.vulnweb.com/cart.php",
							"method": "GET",
							"param": "",
							"attack": "",
							"evidence": "X-Powered-By: PHP/5.6.40-38+ubuntu20.04.1+deb.sury.org+1"
						},
						{
							"uri": "http://testphp.vulnweb.com/categories.php",
							"method": "GET",
							"param": "",
							"attack": "",
							"evidence": "X-Powered-By: PHP/5.6.40-38+ubuntu20.04.1+deb.sury.org+1"
						},
						{
							"uri": "http://testphp.vulnweb.com/disclaimer.php",
							"method": "GET",
							"param": "",
							"attack": "",
							"evidence": "X-Powered-By: PHP/5.6.40-38+ubuntu20.04.1+deb.sury.org+1"
						},
						{
							"uri": "http://testphp.vulnweb.com/guestbook.php",
							"method": "GET",
							"param": "",
							"attack": "",
							"evidence": "X-Powered-By: PHP/5.6.40-38+ubuntu20.04.1+deb.sury.org+1"
						},
						{
							"uri": "http://testphp.vulnweb.com/index.php",
							"method": "GET",
							"param": "",
							"attack": "",
							"evidence": "X-Powered-By: PHP/5.6.40-38+ubuntu20.04.1+deb.sury.org+1"
						},
						{
							"uri": "http://testphp.vulnweb.com/login.php",
							"method": "GET",
							"param": "",
							"attack": "",
							"evidence": "X-Powered-By: PHP/5.6.40-38+ubuntu20.04.1+deb.sury.org+1"
						},
						{
							"uri": "http://testphp.vulnweb.com/privacy.php",
							"method": "GET",
							"param": "",
							"attack": "",
							"evidence": "X-Powered-By: PHP/5.6.40-38+ubuntu20.04.1+deb.sury.org+1"
						},
						{
							"uri": "http://testphp.vulnweb.com/userinfo.php",
							"method": "GET",
							"param": "",
							"attack": "",
							"evidence": "X-Powered-By: PHP/5.6.40-38+ubuntu20.04.1+deb.sury.org+1"
						}
					],
					"count": "11",
					"solution": "<p>Ensure that your web server, application server, load balancer, etc. is configured to suppress \"X-Powered-By\" headers.</p>",
					"otherinfo": "",
					"reference": "<p>http://blogs.msdn.com/b/varunm/archive/2013/04/23/remove-unwanted-http-response-headers.aspx</p><p>http://www.troyhunt.com/2012/02/shhh-dont-let-your-response-headers.html</p>",
					"cweid": "200",
					"wascid": "13",
					"sourceid": "1"
				},
				{
					"pluginid": "10021",
					"alertRef": "10021",
					"alert": "X-Content-Type-Options Header Missing",
					"name": "X-Content-Type-Options Header Missing",
					"riskcode": "1",
					"confidence": "2",
					"riskdesc": "Low (Medium)",
					"desc": "<p>The Anti-MIME-Sniffing header X-Content-Type-Options was not set to 'nosniff'. This allows older versions of Internet Explorer and Chrome to perform MIME-sniffing on the response body, potentially causing the response body to be interpreted and displayed as a content type other than the declared content type. Current (early 2014) and legacy versions of Firefox will use the declared content type (if one is set), rather than performing MIME-sniffing.</p>",
					"instances":[ 
						{
							"uri": "http://testphp.vulnweb.com/",
							"method": "GET",
							"param": "X-Content-Type-Options",
							"attack": "",
							"evidence": ""
						},
						{
							"uri": "http://testphp.vulnweb.com/AJAX/index.php",
							"method": "GET",
							"param": "X-Content-Type-Options",
							"attack": "",
							"evidence": ""
						},
						{
							"uri": "http://testphp.vulnweb.com/artists.php",
							"method": "GET",
							"param": "X-Content-Type-Options",
							"attack": "",
							"evidence": ""
						},
						{
							"uri": "http://testphp.vulnweb.com/cart.php",
							"method": "GET",
							"param": "X-Content-Type-Options",
							"attack": "",
							"evidence": ""
						},
						{
							"uri": "http://testphp.vulnweb.com/categories.php",
							"method": "GET",
							"param": "X-Content-Type-Options",
							"attack": "",
							"evidence": ""
						},
						{
							"uri": "http://testphp.vulnweb.com/disclaimer.php",
							"method": "GET",
							"param": "X-Content-Type-Options",
							"attack": "",
							"evidence": ""
						},
						{
							"uri": "http://testphp.vulnweb.com/guestbook.php",
							"method": "GET",
							"param": "X-Content-Type-Options",
							"attack": "",
							"evidence": ""
						},
						{
							"uri": "http://testphp.vulnweb.com/hpp/",
							"method": "GET",
							"param": "X-Content-Type-Options",
							"attack": "",
							"evidence": ""
						},
						{
							"uri": "http://testphp.vulnweb.com/index.php",
							"method": "GET",
							"param": "X-Content-Type-Options",
							"attack": "",
							"evidence": ""
						},
						{
							"uri": "http://testphp.vulnweb.com/login.php",
							"method": "GET",
							"param": "X-Content-Type-Options",
							"attack": "",
							"evidence": ""
						},
						{
							"uri": "http://testphp.vulnweb.com/Mod_Rewrite_Shop/",
							"method": "GET",
							"param": "X-Content-Type-Options",
							"attack": "",
							"evidence": ""
						}
					],
					"count": "11",
					"solution": "<p>Ensure that the application/web server sets the Content-Type header appropriately, and that it sets the X-Content-Type-Options header to 'nosniff' for all web pages.</p><p>If possible, ensure that the end user uses a standards-compliant and modern web browser that does not perform MIME-sniffing at all, or that can be directed by the web application/web server to not perform MIME-sniffing.</p>",
					"otherinfo": "<p>This issue still applies to error type pages (401, 403, 500, etc.) as those pages are often still affected by injection issues, in which case there is still concern for browsers sniffing pages away from their actual content type.</p><p>At \"High\" threshold this scan rule will not alert on client or server error responses.</p>",
					"reference": "<p>http://msdn.microsoft.com/en-us/library/ie/gg622941%28v=vs.85%29.aspx</p><p>https://owasp.org/www-community/Security_Headers</p>",
					"cweid": "693",
					"wascid": "15",
					"sourceid": "1"
				},
				{
					"pluginid": "90011",
					"alertRef": "90011",
					"alert": "Charset Mismatch (Header Versus Meta Content-Type Charset)",
					"name": "Charset Mismatch (Header Versus Meta Content-Type Charset)",
					"riskcode": "0",
					"confidence": "1",
					"riskdesc": "Informational (Low)",
					"desc": "<p>This check identifies responses where the HTTP Content-Type header declares a charset different from the charset defined by the body of the HTML or XML. When there's a charset mismatch between the HTTP header and content body Web browsers can be forced into an undesirable content-sniffing mode to determine the content's correct character set.</p><p></p><p>An attacker could manipulate content on the page to be interpreted in an encoding of their choice. For example, if an attacker can control content at the beginning of the page, they could inject script using UTF-7 encoded text and manipulate some browsers into interpreting that text.</p>",
					"instances":[ 
						{
							"uri": "http://testphp.vulnweb.com/",
							"method": "GET",
							"param": "",
							"attack": "",
							"evidence": ""
						},
						{
							"uri": "http://testphp.vulnweb.com/AJAX/index.php",
							"method": "GET",
							"param": "",
							"attack": "",
							"evidence": ""
						},
						{
							"uri": "http://testphp.vulnweb.com/artists.php",
							"method": "GET",
							"param": "",
							"attack": "",
							"evidence": ""
						},
						{
							"uri": "http://testphp.vulnweb.com/cart.php",
							"method": "GET",
							"param": "",
							"attack": "",
							"evidence": ""
						},
						{
							"uri": "http://testphp.vulnweb.com/categories.php",
							"method": "GET",
							"param": "",
							"attack": "",
							"evidence": ""
						},
						{
							"uri": "http://testphp.vulnweb.com/disclaimer.php",
							"method": "GET",
							"param": "",
							"attack": "",
							"evidence": ""
						},
						{
							"uri": "http://testphp.vulnweb.com/guestbook.php",
							"method": "GET",
							"param": "",
							"attack": "",
							"evidence": ""
						},
						{
							"uri": "http://testphp.vulnweb.com/index.php",
							"method": "GET",
							"param": "",
							"attack": "",
							"evidence": ""
						},
						{
							"uri": "http://testphp.vulnweb.com/listproducts.php?cat=1",
							"method": "GET",
							"param": "",
							"attack": "",
							"evidence": ""
						},
						{
							"uri": "http://testphp.vulnweb.com/login.php",
							"method": "GET",
							"param": "",
							"attack": "",
							"evidence": ""
						},
						{
							"uri": "http://testphp.vulnweb.com/search.php?test=query",
							"method": "POST",
							"param": "",
							"attack": "",
							"evidence": ""
						}
					],
					"count": "11",
					"solution": "<p>Force UTF-8 for all text content in both the HTTP header and meta tags in HTML or encoding declarations in XML.</p>",
					"otherinfo": "<p>There was a charset mismatch between the HTTP Header and the META content-type encoding declarations: [UTF-8] and [iso-8859-2] do not match.</p>",
					"reference": "<p>http://code.google.com/p/browsersec/wiki/Part2#Character_set_handling_and_detection</p>",
					"cweid": "436",
					"wascid": "15",
					"sourceid": "1"
				},
				{
					"pluginid": "10027",
					"alertRef": "10027",
					"alert": "Information Disclosure - Suspicious Comments",
					"name": "Information Disclosure - Suspicious Comments",
					"riskcode": "0",
					"confidence": "1",
					"riskdesc": "Informational (Low)",
					"desc": "<p>The response appears to contain suspicious comments which may help an attacker. Note: Matches made within script blocks or files are against the entire content not only comments.</p>",
					"instances":[ 
						{
							"uri": "http://testphp.vulnweb.com/AJAX/index.php",
							"method": "GET",
							"param": "",
							"attack": "",
							"evidence": "where"
						}
					],
					"count": "1",
					"solution": "<p>Remove all comments that return information that may help an attacker and fix any underlying problems they refer to.</p>",
					"otherinfo": "<p>The following pattern was used: \\bWHERE\\b and was detected in the element starting with: \"<script type=\"text/javascript\"></p><p>\tvar httpreq = null;\t</p><p></p><p>\tfunction SetContent(XML) {</p><p>\t\tvar items = XML.getElementsByTagName('i\", see evidence field for the suspicious comment/snippet.</p>",
					"reference": "",
					"cweid": "200",
					"wascid": "13",
					"sourceid": "39"
				}
			]
		}
	]
}
